Wavelength,Clean Snow,2022-5-16-BB-DBC,2022-6-BB-DBC,2022-7-BB-DBC,2022-7-15-MUIR-A-DBC,2022-8-5-SHOLES-1-DBC,2022-8-6-RAINBOW-1-DBC,2022-8-11-EASTON-1-DBC,2022-8-15-MUIR-1-DBC,2022-9-15-PR-SNOW,2022-9-15-SHOLES-1-DBC,2022-9-25-SHOLES-1-DBC,2022-10-14-SHOLES-1-DBC
205,0.944808506,0.922759534,0.868169444,0.855969206,0.925695018,0.928984366,0.925562418,0.92856599,0.933474347,0.93455561,0.943336272,0.936760561,0.931721107
215,0.944986081,0.922455395,0.866629468,0.853802249,0.925495332,0.928743915,0.925230652,0.928298368,0.933454494,0.934313952,0.943324162,0.936526322,0.931254387
225,0.945275902,0.922334846,0.865485181,0.852150364,0.925464542,0.928670106,0.925079674,0.928200383,0.933574992,0.934227792,0.9434319,0.936442529,0.930967247
235,0.945502233,0.922187338,0.864355904,0.850469875,0.925399741,0.928555429,0.924892953,0.928063592,0.933660596,0.934105723,0.943490419,0.936324085,0.930660928
245,0.945642553,0.92199494,0.863227931,0.848748328,0.925281722,0.92838166,0.924652956,0.927870167,0.933691411,0.933931291,0.943481468,0.936155087,0.930322282
255,0.94588802,0.921969955,0.862456921,0.847498512,0.925318468,0.928363538,0.924580977,0.927834912,0.933849385,0.933901869,0.943586322,0.936126374,0.930148913
265,0.946239328,0.922114284,0.862059191,0.846756166,0.92551158,0.928506278,0.924682841,0.927963182,0.934132266,0.934022327,0.943808449,0.936242647,0.930147041
275,0.946588403,0.922280019,0.861709889,0.846031997,0.925722226,0.928660156,0.92479886,0.928103479,0.934431701,0.934153767,0.944033507,0.936369583,0.930162943
285,0.946872465,0.922418444,0.861385716,0.845315214,0.925898018,0.928777199,0.924883584,0.928209093,0.934690979,0.934253032,0.944212068,0.936465467,0.930164224
295,0.947125878,0.922553478,0.861087753,0.844596211,0.92606537,0.928881035,0.924958671,0.928302795,0.93494022,0.934341204,0.944370107,0.936550672,0.930164688
305,0.947423997,0.922773812,0.860989412,0.844139592,0.926310086,0.929064402,0.925120952,0.92847775,0.935249122,0.934503787,0.944583183,0.936707867,0.930253498
315,0.947758284,0.923066278,0.861062766,0.843907493,0.926620026,0.929315084,0.92535725,0.928721545,0.935607625,0.934729398,0.944842335,0.936926039,0.930417698
325,0.948879013,0.923982661,0.861484224,0.843899954,0.927591748,0.930166922,0.926167433,0.929552071,0.936684712,0.935496838,0.945710817,0.937667943,0.931000277
335,0.949591752,0.924600071,0.861783413,0.843808403,0.928238994,0.930717452,0.926694297,0.930089931,0.937408877,0.935993813,0.946263645,0.938148456,0.931385429
345,0.950888513,0.925673297,0.862333407,0.843871795,0.929367553,0.931699077,0.927632696,0.931048532,0.938664585,0.936879288,0.947253414,0.939004477,0.932070547
355,0.951799047,0.926475622,0.862821717,0.843949707,0.930198945,0.932411739,0.928321578,0.931746968,0.939586351,0.93752412,0.94795381,0.93962794,0.932589405
365,0.952437486,0.927094715,0.863280342,0.8440503,0.930828477,0.932943235,0.9288434,0.932270495,0.940277204,0.938007129,0.948456927,0.940095029,0.932999142
375,0.952882912,0.927583496,0.86370064,0.844128076,0.931315166,0.933343846,0.92924346,0.932667321,0.940807567,0.938373007,0.948819824,0.940448936,0.933326829
385,0.953330038,0.928084149,0.864140586,0.844207915,0.931811059,0.933749196,0.929649575,0.933069276,0.941348954,0.938743561,0.949183813,0.940807381,0.933662075
395,0.953722215,0.928560648,0.864611265,0.844334253,0.932276667,0.934128536,0.930034387,0.933446985,0.941850409,0.939091535,0.949513313,0.941144023,0.933989413
405,0.954069609,0.929017004,0.865100798,0.844484778,0.932717197,0.93448516,0.930400045,0.933803345,0.942320299,0.939419667,0.949813922,0.941461506,0.934308214
415,0.954858405,0.929808933,0.865780038,0.84476786,0.933508913,0.935153413,0.931063718,0.934464008,0.943185069,0.940028678,0.950429128,0.942050448,0.93484529
425,0.954764849,0.929965206,0.866177409,0.844885903,0.93362559,0.935222629,0.931160941,0.934541791,0.943281151,0.940099331,0.950424778,0.942119125,0.934981278
435,0.954356577,0.929896262,0.866481696,0.844949023,0.933502981,0.935079954,0.931058156,0.93441351,0.943103119,0.939979648,0.950200655,0.942003868,0.934976581
445,0.953843456,0.929753354,0.866770454,0.845014723,0.933301129,0.934868494,0.930891306,0.934218606,0.942831857,0.939798372,0.949903447,0.941829092,0.934928931
455,0.95310413,0.929440088,0.866990024,0.84504423,0.932919134,0.934498195,0.9305742,0.933869114,0.942355305,0.939474306,0.949442562,0.941516319,0.934775162
465,0.952227051,0.929015732,0.867159332,0.845039983,0.932420163,0.934023628,0.93015787,0.933417946,0.941748423,0.939056351,0.948875788,0.941112802,0.934550199
475,0.950940513,0.928264339,0.867177134,0.844952114,0.931577203,0.933244267,0.92945148,0.932669569,0.940757022,0.93836392,0.947999068,0.940443995,0.934116739
485,0.949552622,0.927415084,0.867150647,0.844844549,0.930631771,0.932373103,0.928657111,0.931831452,0.939656567,0.937588592,0.94703096,0.939695043,0.933619198
495,0.947817204,0.92626349,0.866965397,0.844638337,0.929369352,0.93121665,0.927589248,0.930714474,0.9382143,0.936555764,0.945777778,0.938697166,0.93292112
505,0.945780514,0.924835366,0.866634073,0.844351742,0.927817028,0.929797537,0.926268952,0.929340525,0.936465931,0.935285598,0.944263946,0.937469821,0.932036921
515,0.943499002,0.92316601,0.866158744,0.843974687,0.926012409,0.928145303,0.924722983,0.927737957,0.934461076,0.933804287,0.942522779,0.93603829,0.930983047
525,0.940846445,0.921139803,0.865468891,0.843464712,0.923834155,0.926147021,0.92284214,0.925796065,0.932075539,0.93200955,0.940443619,0.934303655,0.929677411
535,0.937884901,0.918800528,0.864585899,0.842849211,0.921328178,0.923840911,0.920662276,0.92355192,0.929365227,0.92993551,0.938066771,0.932298841,0.928144872
545,0.934345057,0.915899387,0.863341002,0.842003859,0.918234201,0.920981181,0.917944617,0.920764208,0.926066632,0.927359231,0.935153708,0.929808214,0.926203408
555,0.930365636,0.912542363,0.861762012,0.840928811,0.914665494,0.917662231,0.914776863,0.917524249,0.922311977,0.924364915,0.931805294,0.926913055,0.923911322
565,0.926073002,0.908837522,0.859911591,0.839687389,0.910736296,0.913985861,0.911256273,0.913931399,0.918223251,0.921044074,0.928124063,0.923701729,0.921339203
575,0.921536184,0.904843472,0.857801825,0.838270996,0.906510511,0.910007123,0.907434009,0.910038918,0.913869218,0.917445744,0.924168356,0.920221545,0.918520642
585,0.916945337,0.900736953,0.855532708,0.836736685,0.902175179,0.905900896,0.903478498,0.906018011,0.909438839,0.913727983,0.920110715,0.916625303,0.915580378
595,0.911561377,0.89582158,0.852630977,0.834765415,0.897004013,0.900977922,0.898718871,0.901191448,0.90419863,0.909264435,0.915284772,0.912306874,0.912003472
605,0.910054,0.894545781,0.852125966,0.834378284,0.895640688,0.899665489,0.897466373,0.899909932,0.902799379,0.908078348,0.913962884,0.911159421,0.911100039
615,0.90264006,0.887583138,0.847621094,0.831276377,0.88835539,0.892685736,0.890682614,0.893054779,0.895495078,0.901736529,0.907198478,0.90502202,0.905920266
625,0.894353797,0.879675968,0.842234162,0.827502004,0.880110614,0.884744854,0.882939356,0.885246801,0.887282901,0.894509773,0.899555689,0.898026261,0.899946723
635,0.886730411,0.872324513,0.837048086,0.823781133,0.872466167,0.877351815,0.875712794,0.877971213,0.879702546,0.887772076,0.892475166,0.891502099,0.894327358
645,0.879328388,0.865120787,0.83180305,0.819941226,0.864994175,0.870106441,0.868615398,0.870835468,0.872317837,0.881160261,0.885565244,0.88509809,0.88876843
655,0.871760638,0.857692377,0.82622239,0.815770729,0.857307958,0.862640204,0.861286757,0.863476804,0.864742514,0.874338026,0.878472343,0.878488452,0.882987779
665,0.864513098,0.850533404,0.820714466,0.811574932,0.849915125,0.855450024,0.854217749,0.856385991,0.857470917,0.867760198,0.871661408,0.872113854,0.877379067
675,0.858357019,0.844432558,0.815953947,0.807876643,0.843623345,0.84932528,0.848189902,0.850343405,0.851289666,0.862151595,0.865869532,0.866677195,0.87257638
685,0.85156897,0.837664548,0.810540982,0.803604872,0.836656141,0.842540585,0.841502714,0.843646083,0.844455836,0.85593194,0.859470115,0.86064672,0.867218995
695,0.841236576,0.827271711,0.801926854,0.796687181,0.825983929,0.832146443,0.83123722,0.833378166,0.83401016,0.846389443,0.849700685,0.851391363,0.858932071
705,0.829180859,0.815079158,0.79155312,0.788146429,0.813489075,0.819973236,0.819195499,0.8213451,0.821798087,0.835195174,0.838284948,0.840529221,0.849143687
715,0.817465477,0.803189619,0.781226335,0.77941464,0.801325147,0.808119153,0.807454523,0.80962109,0.809920889,0.824276309,0.82718436,0.829929409,0.83954034
725,0.809680287,0.795289496,0.774321457,0.773458311,0.79324869,0.800245649,0.7996523,0.801831856,0.802035616,0.817015139,0.819810905,0.822877752,0.833136208
735,0.802144255,0.787631574,0.767565471,0.767563497,0.785426091,0.792618392,0.792089754,0.794284155,0.794400399,0.809973842,0.812670429,0.816037538,0.826907833
745,0.789327222,0.774550048,0.755769679,0.757122131,0.772083893,0.779609174,0.779175655,0.781404186,0.781389172,0.797946087,0.800507574,0.804348401,0.816210167
755,0.773319945,0.758175836,0.740749646,0.743544522,0.755406614,0.763343446,0.763013055,0.765292198,0.765131931,0.782878337,0.785305169,0.789696268,0.802738381
765,0.755454884,0.73987931,0.723736848,0.727871329,0.736794521,0.745181906,0.744952269,0.747293929,0.746988719,0.766016848,0.768323448,0.773288351,0.787588295
775,0.737259006,0.721230876,0.70619369,0.711433341,0.71784602,0.726681256,0.726541647,0.728951388,0.728513675,0.748799812,0.751009522,0.756521708,0.772045626
785,0.720741086,0.704300053,0.690136521,0.696200108,0.700658457,0.70988899,0.709822862,0.712296254,0.711748373,0.73313688,0.735274493,0.741257089,0.757849279
795,0.706076587,0.689269311,0.675792617,0.682469415,0.685411291,0.694983195,0.694976645,0.697507338,0.696868693,0.719204711,0.721288793,0.72766991,0.745178448
805,0.697343398,0.680326964,0.667252298,0.674248187,0.676343341,0.686113364,0.686141438,0.688705419,0.688014035,0.710901678,0.712954663,0.719568292,0.737612983
815,0.69479813,0.677738873,0.664839049,0.671922362,0.673715889,0.683541336,0.683582279,0.686153774,0.68544403,0.708492878,0.710530124,0.717217326,0.735425438
825,0.694043145,0.676986631,0.664190453,0.67129447,0.672949108,0.682789652,0.682836973,0.685408883,0.68469089,0.707789628,0.709816228,0.716531008,0.734795181
835,0.692044956,0.674957149,0.662303606,0.669471138,0.670888571,0.680772244,0.680829902,0.683407477,0.682674833,0.705899756,0.707913391,0.714686324,0.733079175
845,0.678126674,0.660686006,0.648530273,0.656135748,0.656431806,0.6666225,0.666727136,0.669360228,0.668553375,0.692623036,0.694603411,0.701721741,0.720928328
855,0.656358014,0.638361498,0.626845739,0.635033345,0.633835767,0.644488737,0.644658309,0.647378527,0.646466427,0.671802516,0.673746032,0.68137358,0.701798211
865,0.631924644,0.61331883,0.602398606,0.611124806,0.608511488,0.619654451,0.61988846,0.622703887,0.621685081,0.6483643,0.650279102,0.658441403,0.680163427
875,0.600904255,0.581555024,0.571240246,0.580527922,0.576424057,0.588142425,0.588447211,0.591377807,0.590239031,0.618501194,0.620394243,0.629182029,0.65244597
885,0.573256478,0.553286199,0.543416065,0.553122176,0.547896969,0.560081068,0.560440798,0.563466534,0.5622331,0.591787702,0.593669558,0.602967915,0.627508947
895,0.557593106,0.537295184,0.527659517,0.537575934,0.531771397,0.544198302,0.544586806,0.547662342,0.546379317,0.57661541,0.578491707,0.58806142,0.613286618
905,0.549368609,0.528909471,0.519404515,0.529424516,0.523317844,0.535865628,0.536269163,0.539369177,0.538060638,0.568639854,0.570511984,0.580220216,0.605794689
915,0.54128403,0.520669913,0.511285392,0.521402883,0.515014188,0.52767671,0.528094329,0.53121774,0.529885166,0.560791282,0.562659988,0.572500253,0.598409337
925,0.531562061,0.510765616,0.501512036,0.511741146,0.505036543,0.517831446,0.518264918,0.521415631,0.52005575,0.551340458,0.553206298,0.563199298,0.589498197
935,0.520538742,0.499542278,0.490423636,0.500772112,0.493734696,0.506672202,0.507122449,0.510302856,0.508913862,0.540608825,0.542472514,0.552631218,0.579356123
945,0.508654215,0.48745273,0.478470619,0.488939193,0.481565879,0.494647582,0.495114805,0.498325377,0.496906877,0.529020707,0.530882536,0.541211411,0.568376733
955,0.483215523,0.461605198,0.452858435,0.463554749,0.455568772,0.468926477,0.469424925,0.472694474,0.471220751,0.50414791,0.506010321,0.516670681,0.544707798
965,0.448229857,0.426157013,0.417697383,0.428639909,0.419957161,0.433614565,0.434148605,0.43748259,0.435946529,0.469797481,0.471660132,0.482708776,0.511788681
975,0.415836795,0.393453433,0.385243064,0.396341118,0.387147422,0.400993859,0.401553903,0.404928324,0.4033483,0.437839162,0.439698603,0.451033629,0.480905983
985,0.386055303,0.363499234,0.355514903,0.366689826,0.357136328,0.371075105,0.371653255,0.375046728,0.373438303,0.408318248,0.410170104,0.421701309,0.452140492
995,0.355422028,0.332815224,0.325069301,0.336251322,0.326437551,0.340382392,0.340973286,0.344366231,0.342741228,0.377802583,0.379640402,0.391299882,0.422142201
1005,0.321762225,0.299266301,0.291798065,0.302895832,0.292927785,0.306765456,0.307363217,0.310729478,0.309102036,0.344080257,0.345893563,0.357598863,0.38864802
1015,0.29624857,0.273968933,0.266731867,0.277694978,0.267702168,0.281370835,0.281968714,0.285294297,0.283676732,0.318372623,0.320159195,0.331825458,0.362845439
1025,0.285337779,0.26318964,0.256060804,0.266946254,0.256965318,0.270536666,0.271133317,0.274435549,0.272825366,0.30733773,0.309110084,0.320738715,0.351692577
1035,0.283998358,0.261868873,0.254757791,0.265633158,0.255649915,0.269208401,0.269805065,0.273104092,0.271494693,0.305982617,0.307752612,0.319376419,0.350321063
1045,0.29131192,0.269091623,0.261916192,0.272846643,0.26284205,0.276469041,0.277067174,0.280382356,0.278767055,0.313387146,0.315165878,0.326818965,0.357817057
1055,0.307224056,0.28484265,0.277530109,0.28856051,0.278538351,0.292289965,0.292889727,0.296234431,0.294609733,0.329455422,0.331251231,0.342946639,0.374006989
1065,0.324271705,0.301770805,0.29432195,0.305431547,0.295424288,0.309274813,0.309874431,0.313242615,0.311612345,0.346612949,0.348423535,0.360135142,0.391188002
1075,0.336124825,0.313572115,0.306036918,0.317185448,0.307205648,0.321104812,0.321703348,0.325083059,0.323451397,0.358509755,0.360328316,0.372034745,0.403040465
1085,0.341518378,0.318950625,0.311381156,0.322543488,0.312577234,0.326493506,0.327091453,0.330475127,0.328843284,0.363915765,0.365737031,0.377437416,0.408411907
1095,0.345000968,0.322426806,0.314838461,0.326008414,0.316049582,0.329975175,0.330572785,0.333958536,0.332326643,0.367404246,0.369226762,0.380922201,0.411873552
1105,0.344995432,0.322422946,0.314841624,0.326011897,0.31604522,0.329970884,0.330568854,0.333954418,0.332322114,0.367400612,0.369222291,0.380918762,0.41187182
1115,0.340620127,0.318059757,0.310517556,0.321678769,0.311685861,0.325599731,0.326198897,0.329581388,0.327948277,0.363021652,0.364839903,0.37654462,0.407529877
1125,0.329057481,0.306540484,0.29909074,0.310219614,0.300182293,0.314055186,0.314656277,0.318028743,0.316395567,0.351429653,0.353239519,0.364956029,0.396002946
1135,0.312461679,0.29004688,0.28273325,0.293793743,0.28372441,0.297511413,0.298113548,0.301465407,0.299835924,0.334745788,0.336541478,0.348251821,0.3793295
1145,0.304296662,0.281951258,0.274710241,0.285727371,0.275652013,0.289384582,0.289986664,0.293325464,0.291699267,0.326517777,0.328305023,0.34000242,0.371069825
1155,0.278986547,0.256936666,0.249925001,0.260763503,0.250735953,0.264245532,0.264843866,0.268129751,0.266521505,0.300919123,0.302676135,0.314285733,0.345201238
1165,0.239353287,0.218047887,0.211450841,0.221863858,0.212087028,0.225066652,0.225649231,0.228809475,0.227252937,0.260532034,0.262222882,0.273538712,0.303813781
1175,0.206716208,0.186329781,0.180143427,0.190051898,0.180656251,0.19300788,0.193567504,0.196578425,0.195089002,0.22695445,0.228569123,0.239474349,0.2687808
1185,0.179536693,0.160169947,0.154386151,0.163749013,0.154808424,0.166481031,0.167013587,0.169862498,0.168448817,0.198730344,0.200262973,0.210685429,0.238811536
1195,0.158413894,0.140028156,0.134603102,0.143450632,0.134961875,0.145993101,0.146498902,0.149194297,0.147853904,0.176604508,0.1780593,0.188001558,0.21492823
1205,0.134205488,0.117185532,0.112231088,0.12037296,0.112523924,0.122676762,0.123144753,0.125629206,0.124390981,0.151004395,0.15235167,0.161608215,0.18679236
1215,0.112969371,0.097400862,0.092922437,0.100326624,0.093162451,0.10239679,0.102824302,0.105087375,0.103957513,0.128296378,0.129529807,0.138041902,0.16130449
1225,0.100891891,0.086273765,0.082097376,0.089024403,0.082309088,0.090949151,0.091350112,0.093469534,0.092410408,0.115259263,0.116418194,0.124435983,0.146408702
1235,0.09343834,0.079458191,0.075481089,0.082090174,0.075675888,0.083919898,0.084303039,0.086326548,0.085314793,0.107163364,0.108272268,0.115955629,0.137050078
1245,0.088348088,0.074828204,0.070993342,0.077374177,0.071176813,0.079136456,0.079506747,0.081461305,0.080483665,0.101610611,0.102683408,0.110124301,0.130579352
1255,0.085681835,0.072411365,0.068653115,0.074910659,0.06883068,0.076636699,0.077000033,0.07891731,0.077958131,0.098694076,0.099747293,0.107056411,0.127163065
1265,0.084410176,0.071260521,0.06753931,0.073737242,0.06771402,0.07544575,0.075805719,0.077704958,0.076754711,0.097301293,0.098345018,0.105590225,0.125527681
1275,0.084708479,0.071529941,0.067800028,0.074012244,0.067975247,0.075724758,0.076085541,0.077989093,0.077036697,0.09762864,0.098674613,0.105935159,0.125913219
1285,0.086240656,0.072916084,0.069141651,0.075426021,0.069320012,0.077159399,0.07752427,0.079449633,0.078486414,0.099307419,0.100364825,0.1077027,0.127885388
1295,0.087172535,0.073760145,0.069958946,0.076286767,0.070139152,0.078032653,0.078399987,0.080338476,0.07936874,0.100327535,0.101391807,0.108776162,0.129081734
1305,0.088109105,0.074609074,0.070781133,0.077152352,0.070963189,0.078910737,0.079280529,0.081232126,0.080255883,0.101352198,0.102423321,0.109854031,0.130282083
1315,0.088710439,0.075154385,0.07130938,0.077708372,0.071492571,0.079474697,0.079846065,0.081806045,0.080825637,0.102009891,0.103085384,0.110545728,0.131052029
1325,0.088985346,0.075403559,0.071550785,0.077962557,0.071734413,0.079732442,0.080104538,0.08206837,0.081086042,0.102310736,0.103388226,0.110862204,0.131404488
1335,0.088938784,0.075360898,0.071509459,0.077919334,0.071692838,0.079688485,0.080060481,0.082023731,0.08104168,0.102260339,0.103337504,0.110809474,0.131346438
1345,0.08732502,0.073896487,0.070090978,0.076426947,0.070270815,0.078174378,0.078542205,0.080483115,0.079512126,0.100496622,0.101562068,0.108955188,0.129283851
1355,0.085468798,0.072214756,0.068462714,0.07471245,0.068638538,0.07643466,0.076797615,0.078712451,0.077754382,0.098465289,0.099517047,0.106817909,0.12690257
1365,0.083422624,0.070364194,0.066671865,0.072825078,0.066843328,0.074519188,0.074876681,0.076762319,0.075818727,0.096222919,0.097259334,0.104456602,0.124266931
1375,0.079634223,0.066948236,0.063368935,0.0693388,0.063532505,0.070979914,0.071327006,0.073157146,0.072241101,0.09206128,0.093068484,0.10006802,0.119353704
1385,0.073881329,0.061786533,0.058385137,0.064065215,0.058536924,0.065623205,0.065953801,0.067696098,0.066823708,0.085716953,0.086677764,0.093362247,0.111809279
1395,0.06620316,0.054948602,0.0517967,0.057068084,0.051933063,0.058509734,0.058816933,0.060434909,0.059624393,0.077200513,0.078095307,0.084329653,0.101572861
1405,0.044507488,0.036003687,0.033653764,0.037605136,0.033746826,0.038700873,0.038971327,0.040097366,0.039466415,0.052768148,0.053446107,0.058190011,0.071403583
1415,0.023774848,0.018582424,0.017169373,0.019553631,0.01722036,0.020196808,0.02033703,0.021073364,0.020703534,0.028793494,0.029209363,0.032131199,0.040333222
1425,0.012520609,0.009526623,0.008720065,0.010085656,0.008746909,0.010451717,0.010532275,0.010954725,0.010742326,0.015407016,0.015647366,0.017334637,0.022114736
1435,0.00770189,0.005771368,0.005254352,0.006132198,0.005270311,0.006366048,0.006417936,0.006689658,0.006552924,0.009558858,0.00971353,0.010811665,0.013902456
1445,0.005677972,0.004222655,0.0038341,0.004495252,0.00384536,0.004670465,0.004709593,0.004914258,0.004811201,0.007077459,0.007193988,0.008020903,0.010359152
1455,0.004615419,0.00341732,0.003098121,0.003642184,0.003106889,0.003785753,0.00381798,0.00398639,0.003901545,0.005767386,0.005863254,0.006544355,0.008472375
1465,0.004141923,0.003060329,0.002772482,0.003263559,0.002780152,0.003392842,0.003421943,0.003573944,0.003497345,0.005181824,0.005268335,0.005883395,0.007625177
1475,0.003952974,0.002918201,0.002642923,0.003112708,0.00265018,0.003236283,0.003264128,0.003409535,0.003336251,0.004947832,0.005030587,0.005619094,0.007285939
1485,0.003886043,0.002867891,0.002597051,0.003059268,0.00260419,0.003180851,0.003208247,0.003351314,0.00327921,0.004864894,0.004946321,0.005525389,0.007165592
1495,0.003865335,0.002852318,0.002582823,0.00304269,0.002589955,0.003163694,0.00319095,0.003333293,0.003261556,0.00483922,0.004920242,0.005496382,0.007128321
1505,0.003871201,0.002856707,0.002586776,0.0030473,0.002593968,0.003168537,0.003195829,0.00333838,0.003266542,0.004846478,0.004927626,0.005504585,0.007138843
1515,0.003882285,0.002865016,0.002594301,0.003056071,0.002601564,0.003177699,0.003205064,0.003348004,0.003275974,0.004860202,0.004941581,0.005520094,0.007158749
1525,0.003895679,0.002875061,0.002603409,0.003066684,0.002610746,0.003188775,0.003216226,0.003359637,0.003287374,0.004876786,0.004958442,0.005538836,0.007182805
1535,0.00391815,0.002891926,0.002618728,0.003084537,0.002626163,0.003207366,0.003234964,0.003379165,0.003306509,0.004904621,0.004986735,0.005570289,0.007223186
1545,0.003951797,0.002917191,0.002641701,0.003111304,0.00264926,0.003235212,0.003263033,0.003408412,0.003335168,0.004946297,0.005029092,0.005617379,0.007283643
1555,0.00399884,0.002952534,0.002673859,0.003148763,0.002681574,0.003274159,0.00330229,0.003449317,0.003375248,0.005004562,0.005088305,0.005683206,0.007368147
1565,0.004064405,0.003001819,0.002718724,0.003201013,0.00272664,0.00332846,0.003357024,0.003506342,0.003431126,0.005085752,0.005170812,0.005774922,0.007485863
1575,0.004160752,0.003074292,0.002784733,0.003277858,0.002792924,0.00340829,0.003437491,0.00359017,0.003513269,0.005205026,0.005292012,0.005909635,0.007658715
1585,0.004297254,0.003177063,0.002878383,0.003386827,0.002886946,0.003521457,0.003551559,0.003708988,0.003629705,0.005373933,0.005463638,0.006100359,0.007903324
1595,0.004415758,0.003266362,0.002959779,0.003481487,0.002968669,0.003619758,0.003650641,0.003812182,0.003730837,0.005520497,0.005612556,0.006265811,0.008115413
1605,0.00454398,0.003363069,0.003047958,0.003583984,0.003057199,0.003726182,0.003757906,0.003923886,0.003840315,0.005679002,0.005773602,0.006444699,0.008344613
1615,0.004685074,0.003469586,0.00314512,0.003696859,0.003154742,0.003843361,0.003876009,0.00404686,0.003960845,0.005853328,0.005950714,0.006641389,0.008596488
1625,0.004775967,0.00353825,0.003207758,0.003769595,0.003217637,0.00391888,0.003952121,0.004126104,0.004038519,0.005965579,0.006064757,0.006768014,0.008758566
1635,0.004876835,0.0036145,0.003277338,0.003850362,0.003287498,0.004002723,0.004036622,0.004214073,0.00412475,0.006090103,0.006191266,0.006908458,0.008938265
1645,0.004990064,0.00370016,0.00335553,0.003941086,0.003366,0.004096887,0.004131523,0.004312858,0.004221587,0.00622983,0.006333216,0.007066016,0.009139778
1655,0.005134308,0.003809383,0.003455273,0.004056754,0.003466128,0.004216915,0.004252488,0.004438759,0.004345012,0.006407744,0.00651395,0.007266583,0.009396169
1665,0.005319818,0.003950013,0.003583759,0.004205657,0.003595097,0.004371395,0.004408169,0.004600766,0.004503845,0.006636416,0.006746234,0.007524291,0.009725393
1675,0.005534522,0.004112989,0.003732738,0.004378177,0.003744628,0.004550339,0.004588497,0.004788387,0.004687807,0.006900877,0.007014858,0.007822225,0.010105711
1685,0.005760612,0.004284849,0.003889919,0.004560047,0.003902387,0.004738943,0.004778553,0.00498609,0.004881672,0.007179141,0.007297485,0.00813559,0.010505386
1695,0.005993415,0.004462062,0.004052082,0.004747525,0.004065143,0.004933324,0.004974424,0.0051898,0.005081449,0.007465432,0.007588248,0.008457876,0.010916074
1705,0.0062435,0.004652714,0.004226639,0.004949155,0.004240331,0.005142336,0.005185028,0.005408788,0.00529623,0.007772711,0.007900307,0.008803661,0.011356289
1715,0.006508746,0.004855237,0.004412172,0.00516327,0.004426529,0.00536424,0.005408614,0.005641224,0.005524224,0.008098324,0.008230963,0.009169948,0.011822122
1725,0.006807097,0.005083416,0.004621337,0.005404424,0.004636437,0.005614108,0.005660363,0.005902876,0.005780907,0.008464219,0.008602499,0.009581415,0.012344801
1735,0.007074828,0.005288501,0.00480944,0.00562109,0.004825207,0.00583856,0.005886494,0.006137849,0.006011443,0.008792244,0.008935558,0.009950212,0.012812694
1745,0.007296317,0.005458386,0.004965329,0.00580051,0.004981651,0.0060244,0.006073718,0.006332355,0.006202296,0.009063388,0.00921085,0.01025504,0.013198975
1755,0.007533395,0.00564045,0.005132471,0.00599274,0.005149384,0.006223473,0.006274266,0.006540669,0.006406713,0.009353386,0.009505268,0.010581103,0.013611637
1765,0.007748465,0.005805793,0.005284325,0.006167269,0.005301775,0.00640419,0.006456315,0.006729734,0.006592258,0.009616258,0.009772134,0.010876788,0.013985288
1775,0.007935144,0.005949437,0.005416294,0.006318854,0.005434213,0.006561134,0.006614412,0.006893902,0.00675338,0.009844265,0.010003596,0.011133469,0.014309077
1785,0.008130838,0.006100139,0.005554798,0.006477854,0.005573207,0.00672573,0.006780212,0.007066044,0.006922342,0.010083091,0.010246031,0.011402743,0.01464791
1795,0.008338295,0.006260002,0.005701782,0.006646483,0.005720706,0.006900268,0.006956022,0.007248551,0.007101488,0.010336005,0.010502754,0.011688889,0.015006373
1805,0.00858373,0.006449115,0.005875738,0.006845918,0.005895263,0.007106651,0.007163902,0.007464313,0.007313297,0.010634621,0.010805852,0.012030467,0.015429141
1815,0.008879715,0.006674433,0.006083106,0.007083469,0.006103339,0.007352428,0.007411452,0.007721198,0.007565498,0.010989622,0.01116616,0.012484311,0.015931087
1825,0.009182308,0.006915778,0.006305344,0.007337834,0.00632633,0.007615545,0.007676457,0.007996139,0.007835453,0.01136896,0.011551143,0.012800977,0.016466677
1835,0.009336024,0.007034062,0.00641428,0.007462464,0.006435648,0.007744467,0.007806301,0.008130836,0.007967717,0.011554648,0.011739593,0.01302229,0.016728642
1845,0.00923064,0.006952707,0.006339263,0.007376725,0.006360417,0.007655854,0.007717056,0.008038279,0.007876824,0.011427282,0.011610351,0.012872302,0.01654919
1855,0.008892896,0.006683566,0.006091318,0.007093038,0.006111693,0.0073625,0.0074216,0.007731775,0.007575868,0.011004667,0.011181467,0.01251344,0.015952776
1865,0.007952022,0.005961889,0.005427333,0.00633183,0.00544555,0.006574946,0.006628326,0.006908437,0.006767625,0.009865235,0.010024963,0.011157348,0.014339595
1875,0.006548212,0.004884728,0.004438577,0.005194072,0.004453491,0.005396801,0.005441412,0.005675424,0.005557758,0.008147106,0.008280624,0.009225098,0.011892649
1885,0.005406863,0.004015396,0.003642754,0.004274301,0.003654943,0.004443445,0.004480758,0.004676401,0.004578002,0.006743902,0.006855571,0.007645649,0.00988064
1895,0.004500844,0.003329851,0.003016689,0.003547909,0.003026687,0.003689879,0.003721281,0.003885853,0.003803059,0.005625775,0.005719728,0.006384853,0.008268053
1905,0.003972256,0.002931881,0.002653908,0.003125748,0.002662622,0.003251646,0.003279548,0.003425726,0.003352171,0.004971589,0.005055044,0.005646145,0.007320512
1915,0.003675399,0.00270905,0.002450997,0.002889203,0.002458994,0.003006008,0.003031927,0.003167684,0.003099364,0.004603572,0.004681077,0.005230217,0.006786097
1925,0.003578311,0.002636266,0.00238474,0.0028119,0.002392516,0.002925738,0.002951005,0.003083341,0.003016741,0.004483113,0.004558667,0.005094024,0.006610966
1935,0.003537288,0.002605519,0.002356741,0.002779228,0.002364436,0.002891825,0.002916816,0.003047705,0.002981834,0.004432203,0.004506934,0.005036458,0.006536924
1945,0.003519786,0.002592395,0.002344779,0.00276527,0.00235245,0.002877352,0.002902224,0.003032498,0.002966937,0.004410479,0.004484863,0.005011896,0.006505328
1955,0.003510729,0.002585601,0.002338576,0.002758033,0.002346245,0.00286986,0.002894671,0.003024626,0.002959227,0.004399237,0.004473442,0.004999184,0.006488973
1965,0.003503688,0.002580316,0.002333746,0.002752399,0.002341419,0.002864034,0.002888796,0.003018503,0.00295323,0.004390495,0.004464562,0.004989301,0.006476256
1975,0.003497426,0.002575615,0.002329449,0.002747385,0.002337126,0.002858852,0.002883571,0.003013058,0.002947897,0.00438272,0.004456666,0.004980511,0.006464945
1985,0.003491589,0.002571232,0.002325441,0.00274271,0.002333123,0.00285402,0.002878699,0.003007981,0.002942925,0.004375472,0.004449303,0.004972316,0.0064544
1995,0.003486064,0.002567084,0.002321647,0.002738284,0.002329335,0.002849448,0.002874088,0.003003177,0.00293822,0.004368612,0.004442336,0.004964561,0.006444419
2005,0.003479721,0.002562323,0.002317296,0.002733208,0.002324987,0.002844199,0.002868796,0.002997662,0.002932818,0.004360737,0.004434337,0.004955657,0.006432962
2015,0.003472589,0.002556971,0.002312407,0.002727504,0.002320099,0.002838298,0.002862846,0.002991461,0.002926745,0.004351883,0.004425344,0.004945647,0.006420082
2025,0.00346572,0.002551815,0.002307697,0.00272201,0.002315391,0.002832614,0.002857115,0.002985489,0.002920895,0.004343354,0.00441668,0.004936004,0.006407674
2035,0.003459149,0.002546885,0.002303192,0.002716754,0.002310888,0.002827178,0.002851634,0.002979777,0.0029153,0.004335196,0.004408394,0.004926781,0.006395806
2045,0.003452165,0.002541644,0.002298406,0.00271117,0.002306101,0.002821399,0.002845808,0.002973705,0.002909353,0.004326525,0.004399585,0.004916977,0.006383191
2055,0.003444773,0.002536097,0.002293341,0.002705261,0.002301036,0.002815284,0.002839642,0.002967279,0.002903059,0.004317348,0.004390263,0.004906601,0.006369841
2065,0.003438049,0.002531051,0.002288732,0.002699884,0.002296427,0.002809721,0.002834032,0.002961433,0.002897334,0.004309001,0.004381785,0.004897164,0.006357699
2075,0.00343294,0.002527213,0.002285221,0.002695791,0.002292921,0.002805491,0.002829767,0.002956989,0.002892981,0.00430266,0.004375344,0.004889996,0.006348477
2085,0.003431283,0.002525958,0.00228406,0.002694441,0.002291773,0.002804111,0.002828376,0.002955541,0.002891563,0.004300605,0.00437326,0.004887678,0.006345497
2095,0.003436372,0.00252975,0.002287489,0.002698453,0.002295231,0.002808302,0.002832601,0.002959948,0.00289588,0.00430693,0.004379693,0.004894838,0.006354719
2105,0.003457091,0.002545238,0.002301555,0.002714888,0.002309366,0.0028254,0.002849838,0.002977921,0.002913484,0.004332665,0.004405851,0.004923955,0.006392197
2115,0.003491415,0.002570909,0.002324883,0.002742139,0.002332796,0.002853736,0.002878403,0.003007704,0.002942657,0.004375293,0.004449178,0.00497218,0.006454267
2125,0.003564624,0.002625702,0.002374704,0.002800317,0.002382818,0.0029142,0.002939359,0.003071251,0.003004905,0.004466186,0.004541556,0.005074989,0.006586551
2135,0.003680571,0.002712552,0.002453706,0.002892527,0.002462126,0.003010012,0.003035949,0.003171935,0.003103534,0.004610083,0.004687795,0.005237713,0.006795846
2145,0.003839612,0.002831809,0.002562233,0.003019119,0.002571068,0.003141524,0.003168525,0.003310111,0.003238899,0.004807349,0.004888263,0.005460721,0.007082515
2155,0.004047474,0.002987888,0.002704347,0.003184755,0.002713715,0.003313558,0.003341945,0.003490821,0.003415949,0.005064975,0.005150056,0.005751852,0.007456475
2165,0.004288345,0.003169046,0.002869396,0.003376939,0.002879379,0.003513121,0.003543105,0.00370039,0.003621297,0.005363245,0.00545313,0.006088757,0.00788884
2175,0.004571153,0.003382138,0.003063674,0.00360291,0.003074374,0.003747707,0.003779558,0.003946662,0.003862639,0.005713081,0.005808574,0.006483697,0.008395156
2185,0.004875239,0.003611722,0.003273144,0.003846263,0.00328461,0.00400027,0.004034116,0.004211717,0.004122424,0.006088814,0.006190299,0.00690763,0.00893802
2195,0.005188117,0.003848424,0.00348927,0.004097049,0.00350152,0.004260476,0.004296363,0.004484699,0.004390017,0.006474964,0.006582574,0.007343068,0.009494952
2205,0.005477203,0.004067542,0.003689478,0.004329106,0.00370245,0.00450119,0.004538952,0.004737152,0.004637518,0.006831367,0.006944602,0.007744749,0.010008126
2215,0.005825117,0.004331782,0.003931095,0.004608827,0.00394493,0.004791267,0.004831271,0.005041271,0.004935714,0.007259801,0.007379762,0.008227351,0.010623928
2225,0.006155558,0.004583257,0.004161207,0.004874916,0.004175859,0.005067133,0.005109256,0.005330393,0.005219245,0.007666246,0.007792553,0.008684947,0.011207074
2235,0.006439163,0.004799458,0.004359163,0.005103592,0.004374516,0.005304161,0.005348091,0.005578739,0.005462817,0.008014733,0.008146456,0.009077136,0.011706292
2245,0.00663631,0.004949931,0.004496995,0.0052627,0.004512837,0.005469059,0.005514241,0.005751475,0.005632247,0.008256809,0.008392283,0.009349504,0.012052684
2255,0.006538379,0.004875028,0.004428312,0.005183512,0.004443933,0.005387039,0.005431601,0.005665585,0.00554799,0.008136699,0.008270326,0.00921444,0.011881089
2265,0.006330329,0.004716162,0.004282742,0.005015515,0.004297875,0.005212973,0.005256215,0.005483258,0.005369149,0.007881287,0.008010966,0.008927116,0.011515692
2275,0.00595002,0.004426355,0.004017399,0.004708922,0.004031623,0.004895204,0.004936017,0.005150294,0.005042596,0.007413847,0.007536258,0.008401021,0.010845765
2285,0.005526453,0.004104402,0.003722899,0.004368132,0.003736104,0.004541872,0.004579959,0.004779904,0.004679403,0.006892471,0.00700672,0.007813848,0.010096853
2295,0.005079025,0.003765271,0.003413006,0.004008935,0.003425127,0.004169314,0.004204497,0.004389176,0.004296341,0.006340833,0.006446381,0.007192121,0.00930251
2305,0.004651717,0.003442333,0.003118227,0.003666667,0.003129306,0.003814178,0.003846564,0.004016535,0.003931087,0.005813123,0.005910284,0.006596878,0.008540692
2315,0.004298862,0.003176376,0.002875698,0.003384621,0.002885913,0.003521427,0.003551484,0.003709215,0.003629914,0.005376697,0.005466874,0.006104224,0.007909199
2325,0.004009835,0.002959023,0.002677656,0.003153999,0.002687161,0.003281982,0.003310119,0.003457757,0.003383525,0.005018757,0.005103172,0.005699903,0.007390263
2335,0.003788582,0.002792945,0.002526434,0.002977706,0.002535396,0.003098903,0.003125562,0.003265433,0.003195103,0.004744465,0.004824446,0.005389906,0.006991976
2345,0.003615227,0.002663007,0.002408182,0.002839731,0.00241672,0.002955592,0.002981088,0.003114847,0.003047587,0.004529378,0.004605869,0.005146718,0.006679273
2355,0.003488558,0.002568166,0.002321902,0.002738994,0.002330131,0.002850948,0.002875591,0.003004871,0.002939861,0.004372119,0.004446052,0.004968857,0.006450432
2365,0.003391985,0.002495915,0.002256191,0.002662237,0.002264187,0.002771207,0.002795199,0.002921057,0.002857767,0.00425217,0.004324149,0.004833163,0.006275766
2375,0.003318194,0.00244074,0.002206018,0.00260361,0.002213839,0.0027103,0.002733793,0.002857032,0.002795058,0.004160488,0.00423097,0.004729428,0.006142194
2385,0.003260146,0.002397354,0.002166569,0.002557502,0.002174253,0.002662399,0.0026855,0.002806675,0.002745738,0.004088348,0.004157653,0.004647795,0.006037056
2395,0.003208492,0.002358761,0.002131482,0.002516484,0.002139046,0.002619785,0.002642535,0.002761873,0.00270186,0.00402414,0.004092396,0.00457513,0.005943449
2405,0.003161829,0.002323907,0.002099799,0.002479437,0.002107254,0.002581296,0.00260373,0.002721406,0.002662228,0.003966126,0.004033433,0.004509468,0.005858845
2415,0.003118846,0.002291813,0.002070627,0.00244532,0.002077983,0.00254585,0.002567992,0.002684136,0.002625728,0.003912677,0.00397911,0.004448967,0.005780879
2425,0.003078771,0.0022619,0.002043439,0.002413518,0.002050704,0.002512809,0.002534678,0.002649393,0.002591704,0.003862836,0.003928454,0.004392546,0.005708158
2435,0.003036905,0.002230661,0.002015052,0.002380305,0.002022219,0.002478299,0.002499884,0.002613104,0.002556166,0.003810757,0.003875521,0.004333585,0.005632148
2445,0.002993458,0.002198255,0.001985608,0.002345848,0.001992675,0.002442495,0.002463783,0.00257545,0.002519293,0.003756699,0.003820577,0.004272376,0.005553224
2455,0.002951933,0.002167293,0.00195748,0.002312925,0.00196445,0.002408282,0.002429287,0.002539468,0.002484058,0.003705022,0.003768052,0.004213858,0.005477755
2465,0.002910885,0.002136698,0.001929689,0.002280388,0.001936564,0.00237447,0.002395195,0.002503906,0.002449235,0.00365393,0.00371612,0.004155997,0.005403121
2475,0.002870112,0.002106317,0.001902096,0.002248078,0.001908876,0.002340891,0.002361337,0.002468587,0.002414651,0.003603171,0.003664526,0.004098506,0.005328951
2485,0.002830454,0.002076779,0.001875271,0.00221666,0.001881959,0.002308238,0.002328414,0.00243424,0.002381019,0.00355379,0.003614333,0.004042572,0.005256775
2495,0.002791883,0.002048059,0.001849194,0.002186112,0.001855792,0.002276488,0.002296399,0.00240084,0.002348316,0.003505753,0.003565505,0.003988153,0.005186542
2505,0.002755313,0.002020837,0.001824478,0.002157153,0.001830991,0.002246389,0.00226605,0.002369177,0.002317313,0.003460202,0.003519203,0.003936548,0.00511993
2515,0.002720176,0.001994687,0.001800738,0.002129334,0.001807169,0.002217474,0.002236894,0.002338757,0.002287529,0.00341643,0.003474709,0.003886953,0.005055905
2525,0.002686168,0.001969384,0.001777769,0.002102414,0.001784121,0.002189492,0.002208679,0.002309318,0.002258705,0.003374057,0.003431638,0.003838942,0.004993916
2535,0.00265316,0.001944831,0.001755482,0.002076291,0.001761758,0.002162339,0.002181299,0.002280749,0.002230734,0.003332927,0.003389828,0.003792335,0.004933731
2545,0.00262023,0.001920344,0.001733259,0.002050236,0.001739458,0.002135255,0.002153989,0.002252252,0.002202833,0.003291886,0.003348109,0.003745824,0.004873661
2555,0.002589244,0.001897307,0.001712353,0.002025722,0.00171848,0.002109772,0.002128293,0.002225439,0.002176582,0.003253262,0.003308848,0.003702051,0.004817121
2565,0.002560479,0.001875925,0.001692948,0.002002968,0.00169901,0.002086119,0.002104442,0.002200549,0.002152215,0.003217405,0.003272397,0.00366141,0.004764621
2575,0.0025238,0.001848674,0.001668226,0.001973968,0.001674201,0.002055968,0.002074039,0.00216882,0.002121152,0.003171668,0.003225903,0.003609566,0.004697631
2585,0.002483362,0.001818648,0.001640992,0.001942011,0.00164687,0.00202274,0.002040531,0.00213385,0.002086917,0.003121232,0.00317463,0.003552385,0.004623728
2595,0.002435619,0.001783217,0.001608865,0.0019043,0.001614627,0.001983522,0.002000984,0.002092572,0.002046509,0.003061663,0.003114071,0.003484839,0.004536404
2605,0.002378389,0.001740776,0.001570392,0.001859121,0.001576013,0.001936533,0.0019536,0.002043108,0.00199809,0.002990234,0.003041454,0.003403831,0.004431641
2615,0.002316542,0.001694939,0.001528852,0.001810322,0.001534321,0.001885773,0.001902412,0.00198967,0.001945783,0.002913014,0.002962946,0.003316239,0.004318326
2625,0.00223426,0.001634011,0.001473656,0.001745446,0.001478918,0.00181828,0.001834347,0.001918604,0.001876224,0.002810232,0.002858446,0.003199623,0.0041674
2635,0.002143696,0.001567008,0.001412978,0.001674089,0.001418011,0.001744034,0.001759471,0.001840417,0.001799701,0.002697052,0.002743371,0.003071178,0.004001092
2645,0.002065116,0.001508916,0.001360383,0.00161221,0.001365219,0.001679644,0.001694533,0.0017726,0.001733331,0.002598806,0.002643477,0.002959658,0.003856639
2655,0.001993857,0.001456273,0.001312735,0.001556126,0.001317391,0.001621279,0.00163567,0.001711122,0.001673166,0.002509678,0.002552852,0.002858467,0.003725517
2665,0.001927369,0.001407189,0.001268319,0.001503825,0.001272808,0.001566846,0.001580772,0.001653779,0.001617052,0.002426488,0.002468261,0.002763999,0.003603065
2675,0.001864078,0.001360495,0.001226077,0.001454063,0.001230406,0.001515052,0.001528534,0.001599209,0.001563654,0.002347268,0.002387706,0.002674023,0.003486396
2685,0.001772159,0.001292739,0.001164804,0.001381845,0.001168898,0.001439871,0.001452708,0.001519989,0.001486139,0.002232163,0.002270657,0.002543259,0.003316767
2695,0.001689144,0.001231601,0.001109534,0.001316667,0.001113415,0.001372013,0.001384264,0.001448473,0.001416166,0.002128158,0.002164891,0.002425076,0.003163388
2705,0.001609105,0.001172706,0.001056309,0.001253867,0.001059985,0.001306622,0.001318309,0.001379547,0.001348733,0.002027832,0.002062864,0.002311045,0.003015333
2715,0.001530745,0.001115096,0.001004264,0.001192426,0.001007739,0.001242639,0.001253771,0.001312096,0.001282745,0.001929564,0.001962926,0.002199326,0.002870218
2725,0.001508856,0.001099018,0.000989739,0.001175269,0.000993163,0.001224776,0.001235753,0.001293261,0.001264321,0.001902098,0.001934993,0.002168092,0.002829625
2735,0.001504108,0.001095541,0.000986597,0.001171548,0.000990016,0.001220908,0.001231851,0.001289181,0.001260331,0.001896126,0.00192892,0.002161295,0.002820774
2745,0.001499333,0.001092045,0.000983437,0.001167807,0.000986851,0.001217019,0.001227927,0.001285077,0.001256318,0.00189012,0.001922813,0.002154458,0.002811871
2755,0.001494522,0.001088522,0.000980253,0.001164037,0.000983662,0.0012131,0.001223973,0.001280942,0.001252274,0.001884068,0.001916658,0.002147569,0.002802901
2765,0.001489675,0.001084972,0.000977046,0.00116024,0.000980449,0.001209152,0.001219989,0.001276776,0.001248201,0.001877971,0.001910458,0.002140629,0.002793864
2775,0.001484795,0.0010814,0.000973818,0.001156417,0.000977215,0.001205177,0.00121598,0.001272583,0.0012441,0.001871833,0.001904216,0.002133642,0.002784765
2785,0.001478857,0.001077053,0.000969891,0.001151768,0.00097328,0.001200342,0.001211101,0.001267481,0.001239111,0.001864365,0.001896621,0.002125141,0.002773696
2795,0.001472679,0.00107253,0.000965807,0.001146931,0.000969186,0.00119531,0.001206025,0.001262172,0.00123392,0.001856593,0.001888718,0.002116295,0.002762177
2805,0.001466884,0.001068288,0.000961975,0.001142394,0.000965346,0.001190591,0.001201263,0.001257192,0.001229051,0.001849304,0.001881305,0.002107997,0.002751372
2815,0.001461715,0.001064504,0.000958557,0.001138347,0.000961922,0.001186381,0.001197017,0.001252751,0.001224707,0.001842802,0.001874693,0.002100595,0.002741733
2825,0.001458302,0.001062005,0.000956298,0.001135672,0.00095966,0.001183601,0.001194212,0.001249818,0.001221839,0.001838508,0.001870326,0.002095707,0.002735367
2835,0.0014585,0.001062149,0.000956422,0.001135818,0.00095979,0.001183762,0.001194373,0.001249987,0.001222005,0.001838756,0.001870579,0.002095989,0.002735731
2845,0.001465095,0.001066972,0.000960766,0.001140963,0.000964157,0.001189129,0.001199788,0.00125565,0.001227544,0.001847046,0.001879014,0.002105427,0.002748015
2855,0.001479905,0.001077807,0.000970531,0.001152525,0.000973965,0.001201184,0.001211949,0.001268369,0.001239983,0.001865665,0.001897953,0.002126621,0.002775603
2865,0.001501885,0.001093891,0.000985031,0.001169693,0.000988526,0.001219079,0.001230001,0.001287249,0.001258447,0.0018933,0.001926063,0.002158078,0.002816548
2875,0.001533855,0.001117289,0.001006128,0.001194669,0.001009709,0.00124511,0.00125626,0.001314712,0.001285306,0.00193349,0.001966944,0.002203823,0.002876087
2885,0.002019746,0.001475183,0.001329648,0.001576147,0.001334519,0.001642329,0.001656897,0.001733328,0.001694893,0.002542169,0.002585931,0.002895445,0.00377356
2895,0.002856911,0.002096102,0.001892426,0.002236944,0.00189948,0.002329747,0.002350094,0.002456919,0.002403221,0.003586903,0.003648074,0.004080232,0.005305568
2905,0.003740779,0.00275721,0.002493552,0.002939177,0.002502864,0.003059436,0.003085741,0.003223907,0.003154472,0.004684757,0.004763851,0.005322275,0.006904543
2915,0.00467243,0.003459892,0.003134487,0.003684178,0.003146127,0.003832694,0.003865129,0.004035538,0.003949913,0.005836527,0.005934035,0.006622198,0.008570508
2925,0.005430739,0.004036093,0.003661509,0.00429407,0.003675008,0.004465085,0.0045024,0.004698475,0.004599963,0.006770021,0.006882168,0.007673529,0.009912303
2935,0.006184302,0.004612248,0.004189701,0.004903075,0.004205014,0.005096028,0.0051381,0.005359195,0.005248122,0.00769433,0.007820732,0.008712722,0.011233789
2945,0.006688609,0.004999788,0.004545644,0.005312248,0.004562156,0.005519652,0.005564857,0.005802428,0.005683083,0.008311051,0.008446831,0.00940519,0.012111591
2955,0.007242309,0.005426951,0.004938546,0.005762864,0.004956357,0.005985935,0.006034536,0.006289966,0.006161655,0.008986568,0.009132509,0.010163082,0.013069702
2965,0.007837045,0.005887626,0.005362912,0.006248389,0.005382102,0.006488059,0.006540258,0.006814609,0.0066768,0.009710276,0.009866973,0.010974915,0.014092324
2975,0.008530882,0.006427138,0.00586071,0.006816446,0.005881484,0.007075182,0.007131513,0.007427593,0.007278876,0.010551768,0.01072081,0.011922963,0.015276506
2985,0.009268073,0.007007008,0.006396676,0.007426351,0.006419119,0.00770515,0.007765828,0.008084769,0.007924576,0.011449228,0.011631251,0.01287321,0.016533798
2995,0.010198292,0.007736466,0.007072212,0.008192691,0.007096707,0.008496123,0.008562139,0.008909146,0.008734865,0.012568429,0.012766382,0.014150266,0.018093761
3005,0.011174576,0.008508488,0.007788658,0.009002714,0.00781527,0.009331527,0.009403042,0.009778958,0.009590166,0.013741775,0.013956145,0.015457446,0.019719993
3015,0.012222783,0.009342522,0.008564295,0.009876665,0.008593134,0.010232142,0.010309432,0.010715711,0.010511678,0.014997148,0.015228792,0.016850991,0.021449697
3025,0.013309208,0.010212192,0.00937477,0.010786784,0.00940587,0.01116928,0.01125242,0.011689458,0.011469987,0.016293583,0.016542836,0.018286399,0.023225248
3035,0.01444135,0.01112383,0.010226114,0.011739609,0.010259521,0.012149617,0.012238714,0.012707065,0.012471879,0.017639727,0.017907258,0.019773193,0.025057518
3045,0.015583905,0.0120491,0.011091938,0.012705471,0.011127622,0.013142596,0.013237562,0.013736768,0.013486097,0.018993569,0.019280539,0.021264549,0.026888387
3055,0.01678469,0.013025614,0.012007498,0.013723592,0.012045521,0.014188513,0.014289494,0.01482032,0.014553781,0.020411219,0.020735621,0.022820566,0.028791344
3065,0.017301207,0.013463876,0.012419177,0.014179995,0.012458222,0.014657036,0.01476064,0.015305249,0.015031793,0.02104416,0.021146452,0.023511268,0.029632968
3075,0.017718657,0.013795316,0.012730827,0.014524937,0.012770633,0.015011001,0.015116556,0.015671425,0.015392821,0.021524093,0.021787724,0.024030518,0.030264417
3085,0.017540064,0.013651429,0.012595959,0.014374894,0.01263542,0.014856847,0.014961513,0.015511705,0.015235448,0.021311852,0.021557306,0.023801035,0.029983807
3095,0.017381587,0.013526611,0.012478996,0.014244714,0.012518157,0.014723086,0.014826978,0.015373097,0.015098883,0.021128466,0.021315006,0.023601645,0.029739863
3105,0.016906968,0.013128971,0.012105871,0.013830339,0.012144092,0.014297537,0.014399009,0.014932416,0.014664582,0.020550841,0.02088523,0.022971201,0.028970253
3115,0.0165157,0.01281163,0.011808298,0.013499504,0.011845763,0.01395769,0.014057212,0.014580365,0.014317677,0.020089817,0.020398587,0.022466033,0.028352723
3125,0.016229409,0.01257901,0.011590267,0.01325692,0.011627174,0.013708456,0.013806537,0.014322123,0.014063233,0.01975153,0.020051559,0.022094714,0.02789839
3135,0.016026785,0.012414511,0.011436167,0.01308532,0.011472677,0.013532115,0.01362917,0.01413936,0.013883178,0.019511839,0.019807058,0.021831325,0.027575788
3145,0.015790793,0.012222953,0.011256745,0.012885472,0.011292793,0.013326734,0.013422591,0.013926483,0.013673461,0.019232605,0.019522928,0.021524309,0.027199615
3155,0.015632059,0.012094269,0.011136274,0.012751176,0.011172009,0.013188694,0.01328374,0.013783369,0.013532487,0.019044623,0.019331898,0.021317464,0.026945939
3165,0.015277211,0.011806512,0.010866865,0.012450885,0.0109019,0.012880036,0.01297327,0.013463377,0.013217274,0.018624489,0.018905408,0.020855049,0.026378835
3175,0.015004293,0.011585521,0.010660079,0.012220189,0.010694573,0.012642864,0.012734695,0.013217427,0.012975025,0.018301065,0.018577328,0.020498779,0.02594144
3185,0.014505003,0.011181695,0.010282369,0.011798521,0.010315867,0.012209286,0.012298537,0.01276771,0.012532114,0.017708989,0.017977018,0.019846118,0.025139476
3195,0.014078181,0.010837244,0.009960445,0.011438676,0.009993086,0.011839165,0.011926191,0.012383665,0.01215394,0.017202171,0.017463289,0.019286863,0.024451254
3205,0.013541023,0.010404684,0.009556479,0.010986573,0.009588031,0.011374018,0.011458218,0.011900839,0.01167857,0.016563514,0.016815995,0.018581451,0.023581926
3215,0.013049772,0.010010129,0.009188343,0.010573958,0.009218891,0.010949351,0.011030939,0.011459833,0.011244454,0.015978504,0.016223084,0.017934583,0.022783401
3225,0.012618328,0.009664422,0.008866047,0.010212244,0.008895707,0.010576956,0.010656229,0.011072955,0.010863683,0.015463981,0.015701596,0.017365101,0.02207937
3235,0.012208106,0.009336469,0.008560546,0.009868939,0.008589353,0.010223406,0.010300459,0.010705514,0.0105021,0.014974091,0.015205047,0.016822368,0.021407487
3245,0.011877131,0.009072411,0.00831474,0.009592398,0.008342855,0.009938536,0.010013784,0.010409349,0.010210699,0.014578349,0.014803901,0.016383558,0.020863613
3255,0.011566293,0.00882487,0.008084454,0.009333053,0.008111916,0.009671317,0.009744858,0.01013145,0.009937304,0.014206281,0.014426728,0.015970663,0.020351351
3265,0.011218825,0.008548681,0.007827685,0.009043579,0.007854412,0.009372979,0.009444598,0.009821089,0.009632014,0.013789901,0.014004609,0.015508175,0.019777021
3275,0.010872878,0.008274269,0.007572748,0.008755841,0.007598739,0.009076351,0.009146043,0.009512401,0.009328413,0.013374851,0.013583804,0.015046649,0.019203386
3285,0.010574162,0.008037787,0.007353197,0.008507773,0.007378547,0.008820555,0.008888571,0.00924612,0.009066553,0.013016076,0.013220027,0.014647184,0.018706608
3295,0.010303616,0.007823995,0.007154831,0.008283424,0.007179599,0.008589165,0.008655654,0.009005174,0.008829638,0.012690831,0.012890226,0.014284485,0.018255512
3305,0.010061118,0.007632706,0.006977442,0.008082619,0.007001686,0.008382014,0.008447127,0.008789412,0.008617508,0.012399076,0.012594365,0.01395843,0.017850247
3315,0.009846693,0.007463856,0.006820942,0.007905315,0.00684472,0.008199072,0.008262962,0.008598818,0.008430142,0.012140953,0.012332594,0.013669009,0.017491208
3325,0.009638422,0.007300177,0.006669305,0.00773339,0.00669263,0.00802165,0.008084346,0.008413932,0.008248404,0.011890199,0.012078282,0.013386116,0.017141976
3335,0.009437756,0.007142949,0.006523712,0.007568196,0.006546599,0.007851143,0.007912687,0.008236215,0.008073728,0.011648826,0.01183347,0.013109545,0.016805394
3345,0.009238846,0.006988564,0.006380817,0.007405943,0.006403271,0.007683644,0.00774405,0.008061593,0.007902111,0.011411328,0.011592576,0.012817882,0.016473815
3355,0.009073096,0.006840795,0.006244107,0.007250601,0.006266145,0.007523252,0.007582563,0.007894347,0.007737756,0.01118355,0.01136153,0.012836357,0.016155431
3365,0.008871479,0.006695319,0.006109577,0.007097628,0.006131204,0.007365281,0.007423507,0.007729589,0.00757586,0.010958861,0.011133604,0.012395871,0.015841
3375,0.008696945,0.006559791,0.005984301,0.006955078,0.006005542,0.00721805,0.00727526,0.007576002,0.007424955,0.010749136,0.010920847,0.0121468,0.01554718
3385,0.008527443,0.006427743,0.005862291,0.006816153,0.005883156,0.007074541,0.007130756,0.007426268,0.007277847,0.010544416,0.010713158,0.01191257,0.015260066
3395,0.008370346,0.006305338,0.005749237,0.006687342,0.00576975,0.006941461,0.006996749,0.007287388,0.007141413,0.010354309,0.010520284,0.011697403,0.014993171
3405,0.008225064,0.006192196,0.005644775,0.006568251,0.005664963,0.006818405,0.006872833,0.007158948,0.007015244,0.010178295,0.010341701,0.011499065,0.014745823
3415,0.008084194,0.006082567,0.005543594,0.006452834,0.005563466,0.006699129,0.006752719,0.007034432,0.006892939,0.010007476,0.010168381,0.011307004,0.014505557
3425,0.007957216,0.005983824,0.005452491,0.006348855,0.005472076,0.006591662,0.006644495,0.006922226,0.006782732,0.009853388,0.010012032,0.011133964,0.014288638
3435,0.007831128,0.005885851,0.005362127,0.006245668,0.005381428,0.006484999,0.006537077,0.006810842,0.006673339,0.009700284,0.009856674,0.010962145,0.014072926
3445,0.007715457,0.005796042,0.005279319,0.00615106,0.005298358,0.006387195,0.006438579,0.006708694,0.006573024,0.009559745,0.009714062,0.010804492,0.013874763
3455,0.007601541,0.005707663,0.005197854,0.006057943,0.005216634,0.006290921,0.006341619,0.00660813,0.00647427,0.009421263,0.009573532,0.010649182,0.013679354
3465,0.007493808,0.005624145,0.005120891,0.005969931,0.005139426,0.006199915,0.006249963,0.006513056,0.006380912,0.009290229,0.009440556,0.010502243,0.013494321
3475,0.007392126,0.005545376,0.005048324,0.00588691,0.005066627,0.006114061,0.006163494,0.006423353,0.006292832,0.009166496,0.009314985,0.010363497,0.013319476
3485,0.007291771,0.005467689,0.004976774,0.005805016,0.004994847,0.006029365,0.006078189,0.006334848,0.006205935,0.009044321,0.009190991,0.010226496,0.013146718
3495,0.007199113,0.005396011,0.004910774,0.005729445,0.004928636,0.0059512,0.00599946,0.006253159,0.006125732,0.008931467,0.009076453,0.010099943,0.012987037
3505,0.007106857,0.00532469,0.00484512,0.005654239,0.00486277,0.005873406,0.005921104,0.006171847,0.006045904,0.008819054,0.00896236,0.009973876,0.012827883
3515,0.007021023,0.005258378,0.004784091,0.005584304,0.004801544,0.005801058,0.005848232,0.00609622,0.005971661,0.008714424,0.008856164,0.009856528,0.012679661
3525,0.006939527,0.005195455,0.004726194,0.005517934,0.00474346,0.005732393,0.005779069,0.006024435,0.005901192,0.008615044,0.008755293,0.009745058,0.012538796
3535,0.006859063,0.005133367,0.004669078,0.005452436,0.004686159,0.005664624,0.005710807,0.005953579,0.005831638,0.008516887,0.008655661,0.009634948,0.012399589
3545,0.006785405,0.005076563,0.004616834,0.005392504,0.004633745,0.00560261,0.005648339,0.005888733,0.005767987,0.008427,0.008564421,0.009534104,0.012272043
3555,0.006711988,0.005019976,0.0045648,0.005332794,0.004581542,0.00554082,0.005586098,0.005824117,0.005704564,0.008337378,0.008473448,0.009433546,0.012144811
3565,0.006645753,0.004968951,0.004517889,0.005278947,0.004534479,0.005485094,0.005529964,0.005765836,0.00564736,0.008256497,0.008391346,0.009342786,0.012029933
3575,0.006584322,0.00492165,0.00447441,0.005229024,0.004490858,0.005433426,0.005477916,0.005711794,0.00559432,0.00818146,0.008315175,0.009258575,0.011923309
3585,0.006523054,0.004874497,0.004431075,0.005179252,0.00444738,0.005381911,0.005426022,0.005657908,0.005541434,0.008106601,0.008239183,0.009174555,0.011816895
3595,0.006461951,0.004827493,0.004387883,0.005129631,0.004404047,0.005330549,0.005374282,0.005604178,0.005488704,0.008031923,0.008163373,0.009090729,0.011710691
3605,0.006401013,0.004780638,0.004344835,0.005080163,0.004360858,0.005279342,0.005322696,0.005550606,0.005436129,0.007957425,0.008087745,0.009007096,0.011604701
3615,0.006340242,0.004733932,0.004301933,0.005030848,0.004317815,0.00522829,0.005271267,0.005497192,0.005383712,0.00788311,0.0080123,0.008923659,0.011498927
3625,0.006281258,0.004688622,0.00426032,0.004983001,0.004276064,0.005178754,0.005221364,0.00544536,0.005332849,0.007810961,0.007939053,0.008842644,0.011396192
3635,0.006236977,0.004654619,0.004229096,0.004947092,0.004244738,0.005141576,0.00518391,0.005406456,0.005294673,0.007756784,0.007884051,0.008781803,0.011319021
3645,0.006192781,0.004620694,0.004197946,0.00491126,0.004213486,0.005104477,0.005146536,0.005367632,0.005256577,0.007702699,0.007829141,0.008721061,0.011241957
3655,0.00614867,0.004586846,0.004166872,0.004875508,0.004182309,0.005067458,0.005109242,0.00532889,0.005218562,0.007648707,0.007774326,0.008660418,0.011165003
3665,0.006104645,0.004553075,0.004135872,0.004839835,0.004151207,0.005030519,0.005072027,0.00529023,0.005180628,0.007594809,0.007719605,0.008599875,0.011088159
3675,0.006060705,0.004519381,0.004104948,0.00480424,0.00412018,0.004993661,0.005034894,0.005251651,0.005142775,0.007541006,0.007664978,0.008539432,0.011011425
3685,0.006016852,0.004485766,0.004074099,0.004768726,0.004089229,0.004956883,0.004997841,0.005213154,0.005105003,0.007487296,0.007610447,0.00847909,0.010934803
3695,0.005973086,0.004452228,0.004043325,0.004733291,0.004058353,0.004920186,0.00496087,0.005174739,0.005067313,0.007433682,0.007556012,0.00841885,0.010858293
3705,0.005929407,0.00441877,0.004012628,0.004697936,0.004027554,0.00488357,0.00492398,0.005136408,0.005029706,0.007380164,0.007501673,0.008358711,0.010781897
3715,0.005885815,0.004385389,0.003982007,0.004662662,0.003996831,0.004847036,0.004887171,0.005098159,0.00499218,0.007326742,0.00744743,0.008298675,0.010705614
3725,0.005842311,0.004352088,0.003951462,0.004627468,0.003966184,0.004810584,0.004850445,0.005059994,0.004954738,0.007273417,0.007393286,0.008238742,0.010629446
3735,0.005801038,0.004320504,0.003922496,0.004594087,0.003937122,0.004776007,0.004815609,0.005023791,0.004919221,0.007222815,0.007341906,0.008181865,0.010557147
3745,0.005764832,0.004292808,0.003897098,0.004564813,0.003911639,0.004745683,0.004785057,0.004992039,0.004888072,0.007178418,0.007296826,0.008131958,0.010493697
3755,0.005728689,0.004265167,0.003871754,0.004535595,0.00388621,0.004715417,0.004754562,0.004960345,0.00485698,0.007134091,0.007251816,0.008082125,0.010430329
3765,0.005692609,0.004237583,0.003846464,0.004506434,0.003860835,0.004685209,0.004724126,0.004928711,0.004825948,0.007089833,0.007206875,0.008032366,0.010367044
3775,0.005656591,0.004210054,0.003821228,0.004477331,0.003835515,0.004655059,0.004693748,0.004897136,0.004794974,0.007045644,0.007162005,0.007982681,0.010303841
3785,0.005627624,0.004187919,0.003800938,0.004453929,0.003815158,0.004630814,0.00466932,0.004871745,0.004770067,0.007010099,0.007125911,0.007942712,0.010252991
3795,0.0055987,0.004165824,0.003780686,0.004430567,0.003794838,0.00460661,0.004644933,0.004846394,0.0047452,0.006974603,0.007089867,0.007902795,0.010202199
3805,0.005569819,0.004143766,0.003760471,0.004407244,0.003774555,0.004582446,0.004620586,0.004821085,0.004720374,0.006939155,0.007053871,0.00786293,0.010151466
3815,0.005540983,0.004121748,0.003740293,0.00438396,0.003754309,0.004558322,0.004596279,0.004795817,0.004695589,0.006903756,0.007017925,0.007823118,0.010100794
3825,0.00551219,0.004099768,0.003720152,0.004360717,0.003734101,0.004534239,0.004572013,0.004770591,0.004670845,0.006868406,0.006982028,0.007783358,0.01005018
3835,0.005483442,0.004077827,0.003700049,0.004337513,0.003713931,0.004510196,0.004547788,0.004745406,0.004646142,0.006833106,0.006946181,0.007743651,0.009999627
3845,0.005454737,0.004055924,0.003679983,0.004314349,0.003693797,0.004486194,0.004523603,0.004720262,0.00462148,0.006797855,0.006910383,0.007703996,0.009949135
3855,0.00543186,0.004038472,0.003663995,0.004295891,0.003677756,0.004467067,0.004504331,0.004700225,0.004601827,0.006769756,0.006881849,0.007672387,0.00990888
3865,0.005410459,0.004022148,0.003649042,0.004278625,0.003662753,0.004449176,0.004486303,0.004681481,0.004583443,0.006743467,0.006855152,0.007642811,0.009871211
3875,0.005389085,0.004005849,0.003634112,0.004261384,0.003647773,0.00443131,0.004468301,0.004662764,0.004565085,0.00671721,0.006828487,0.007613269,0.009833582
3885,0.005367739,0.003989574,0.003619205,0.004244168,0.003632816,0.00441347,0.004450325,0.004644072,0.004546753,0.006690984,0.006801855,0.007583761,0.009795993
3895,0.005346422,0.003973323,0.003604321,0.004226977,0.003617882,0.004395655,0.004432374,0.004625407,0.004528446,0.00666479,0.006775254,0.007554288,0.009758443
3905,0.005325132,0.003957096,0.003589461,0.004209811,0.003602972,0.004377866,0.004414449,0.004606769,0.004510166,0.006638628,0.006748685,0.007524849,0.009720934
3915,0.005303871,0.003940894,0.003574624,0.004192671,0.003588085,0.004360102,0.00439655,0.004588156,0.004491912,0.006612498,0.006722149,0.007495445,0.009683464
3925,0.005282639,0.003924717,0.003559811,0.004175556,0.003573222,0.004342364,0.004378676,0.00456957,0.004473684,0.006586401,0.006695646,0.007466075,0.009646035
3935,0.005261434,0.003908564,0.003545021,0.004158466,0.003558382,0.004324652,0.004360829,0.00455101,0.004455481,0.006560335,0.006669175,0.00743674,0.009608647
3945,0.005240258,0.003892435,0.003530254,0.004141401,0.003543566,0.004306966,0.004343007,0.004532477,0.004437306,0.006534302,0.006642736,0.007407441,0.0095713
3955,0.005219111,0.003876331,0.003515511,0.004124362,0.003528773,0.004289306,0.004325211,0.00451397,0.004419156,0.006508302,0.00661633,0.007378176,0.009533993
3965,0.005197993,0.003860252,0.003500791,0.004107348,0.003514004,0.004271671,0.004307442,0.00449549,0.004401033,0.006482334,0.006589958,0.007348947,0.009496727
3975,0.005180533,0.003846961,0.003488625,0.004093283,0.003501796,0.004257093,0.004292752,0.004480213,0.004386051,0.006460862,0.006568152,0.007324778,0.00946591
3985,0.005165514,0.003835529,0.00347816,0.004081186,0.003491297,0.004244554,0.004280117,0.004467072,0.004373164,0.006442391,0.006549392,0.007303985,0.009439396
3995,0.005150513,0.003824112,0.003467711,0.004069104,0.003480812,0.004232032,0.004267498,0.004453949,0.004360294,0.006423941,0.006530655,0.007283215,0.009412909
4005,0.005135531,0.003812712,0.003457276,0.004057039,0.003470342,0.004219526,0.004254896,0.004440842,0.004347441,0.006405513,0.006511939,0.007262469,0.009386451
4015,0.005120568,0.003801326,0.003446856,0.00404499,0.003459887,0.004207036,0.004242311,0.004427752,0.004334604,0.006387106,0.006493245,0.007241746,0.009360021
4025,0.005105623,0.003789957,0.00343645,0.004032957,0.003449447,0.004194564,0.004229742,0.004414679,0.004321785,0.006368721,0.006474572,0.007221047,0.009333618
4035,0.005090697,0.003778603,0.00342606,0.00402094,0.003439022,0.004182107,0.00421719,0.004401624,0.004308982,0.006350357,0.006455922,0.007200372,0.009307244
4045,0.00507579,0.003767265,0.003415684,0.00400894,0.003428611,0.004169668,0.004204655,0.004388585,0.004296197,0.006332015,0.006437294,0.00717972,0.009280899
4055,0.005060901,0.003755942,0.003405323,0.003996956,0.003418216,0.004157245,0.004192136,0.004375564,0.004283428,0.006313695,0.006418687,0.007159093,0.009254582
4065,0.005046031,0.003744636,0.003394978,0.003984988,0.003407835,0.004144839,0.004179634,0.00436256,0.004270676,0.006295397,0.006400103,0.007138489,0.009228293
4075,0.005031181,0.003733345,0.003384647,0.003973037,0.003397469,0.00413245,0.00416715,0.004349574,0.004257942,0.006277121,0.006381541,0.007117908,0.009202033
4085,0.005016349,0.00372207,0.003374331,0.003961102,0.003387119,0.004120077,0.004154682,0.004336605,0.004245224,0.006258867,0.006363001,0.007097352,0.009175801
4095,0.005001536,0.00371081,0.00336403,0.003949183,0.003376783,0.004107721,0.004142231,0.004323653,0.004232524,0.006240634,0.006344483,0.00707682,0.009149599
4105,0.004988949,0.003701244,0.003355278,0.003939057,0.003368002,0.004097223,0.004131652,0.004312648,0.004221733,0.006225141,0.006328747,0.007059372,0.009127331
4115,0.004977849,0.003692809,0.003347561,0.003930127,0.003360259,0.004087966,0.004122322,0.004302943,0.004212217,0.006211477,0.006314869,0.007043984,0.009107689
4125,0.004966763,0.003684385,0.003339855,0.003921209,0.003352527,0.00407872,0.004113005,0.004293251,0.004202714,0.006197829,0.006301007,0.007028613,0.00908807
4135,0.00495569,0.003675972,0.003332159,0.003912302,0.003344805,0.004069487,0.004103701,0.004283571,0.004193222,0.006184197,0.006287162,0.007013259,0.009068472
4145,0.004944631,0.00366757,0.003324474,0.003903407,0.003337094,0.004060265,0.004094408,0.004273904,0.004183743,0.006170581,0.006273333,0.006997924,0.009048896
4155,0.004933586,0.00365918,0.003316799,0.003894524,0.003329394,0.004051056,0.004085127,0.00426425,0.004174276,0.006156982,0.00625952,0.006982607,0.009029341
4165,0.004922555,0.003650801,0.003309135,0.003885653,0.003321704,0.004041859,0.004075859,0.004254607,0.004164822,0.006143399,0.006245724,0.006967308,0.009009809
4175,0.004911538,0.003642433,0.003301481,0.003876794,0.003314025,0.004032673,0.004066603,0.004244978,0.00415538,0.006129832,0.006231945,0.006952026,0.008990299
4185,0.004900535,0.003634077,0.003293839,0.003867946,0.003306356,0.0040235,0.004057359,0.004235361,0.00414595,0.006116282,0.006218182,0.006936763,0.00897081
4195,0.004889545,0.003625732,0.003286207,0.003859111,0.003298699,0.00401434,0.004048127,0.004225757,0.004136533,0.006102748,0.006204436,0.006921518,0.008951344
4205,0.00487857,0.003617399,0.003278585,0.003850287,0.003291052,0.004005191,0.004038908,0.004216165,0.004127129,0.006089231,0.006190706,0.006906291,0.0089319
4215,0.004867608,0.003609076,0.003270975,0.003841475,0.003283415,0.003996055,0.0040297,0.004206586,0.004117736,0.00607573,0.006176993,0.006891082,0.008912477
4225,0.004856661,0.003600766,0.003263375,0.003832675,0.00327579,0.003986931,0.004020506,0.004197019,0.004108356,0.006062245,0.006163297,0.006875891,0.008893078
4235,0.004845728,0.003592466,0.003255785,0.003823887,0.003268175,0.003977819,0.004011323,0.004187466,0.004098989,0.006048778,0.006149618,0.006860719,0.0088737
4245,0.004837247,0.003586029,0.003249899,0.00381707,0.003262269,0.003970751,0.0040042,0.004180055,0.004091723,0.00603833,0.006139006,0.006848949,0.008858667
4255,0.004830412,0.003580842,0.003245155,0.003811577,0.003257509,0.003965055,0.00399846,0.004174083,0.004085868,0.00602991,0.006130454,0.006839463,0.00884655
4265,0.004823599,0.003575672,0.003240427,0.003806102,0.003252766,0.003959379,0.00399274,0.004168131,0.004080032,0.006021518,0.00612193,0.006830007,0.008834473
4275,0.00481681,0.003570519,0.003235716,0.003800645,0.003248039,0.003953721,0.003987038,0.004162198,0.004074216,0.006013153,0.006113433,0.006820583,0.008822435
4285,0.004810043,0.003565384,0.00323102,0.003795207,0.003243327,0.003948082,0.003981356,0.004156286,0.004068419,0.006004815,0.006104965,0.00681119,0.008810436
4295,0.004803299,0.003560266,0.003226341,0.003789787,0.003238633,0.003942463,0.003975693,0.004150394,0.004062642,0.005996506,0.006096525,0.006801827,0.008798476
4305,0.004796577,0.003555166,0.003221678,0.003784386,0.003233954,0.003936863,0.003970049,0.004144522,0.004056884,0.005988224,0.006088113,0.006792496,0.008786555
4315,0.004789878,0.003550084,0.00321703,0.003779003,0.003229291,0.003931282,0.003964424,0.004138669,0.004051147,0.00597997,0.006079729,0.006783196,0.008774674
4325,0.004783202,0.003545019,0.003212399,0.003773639,0.003224645,0.00392572,0.003958819,0.004132837,0.004045428,0.005971744,0.006071373,0.006773927,0.008762832
4335,0.004776549,0.003539971,0.003207785,0.003768293,0.003220015,0.003920177,0.003953233,0.004127025,0.00403973,0.005963545,0.006063046,0.006764689,0.00875103
4345,0.004769918,0.003534942,0.003203186,0.003762966,0.003215401,0.003914653,0.003947667,0.004121233,0.004034051,0.005955374,0.006054747,0.006755483,0.008739267
4355,0.004766928,0.003532673,0.003201111,0.003760563,0.00321332,0.003912162,0.003945156,0.00411862,0.00403149,0.005951689,0.006051003,0.00675133,0.008733961
4365,0.004765516,0.003531601,0.003200131,0.003759427,0.003212337,0.003910985,0.003943971,0.004117387,0.004030281,0.005949949,0.006049236,0.006749369,0.008731456
4375,0.004764134,0.003530553,0.003199172,0.003758316,0.003211376,0.003909834,0.00394281,0.00411618,0.004029097,0.005948246,0.006047507,0.00674745,0.008729004
4385,0.004762782,0.003529528,0.003198234,0.003757229,0.003210435,0.003908708,0.003941676,0.004114999,0.004027939,0.00594658,0.006045815,0.006745573,0.008726605
4395,0.004766501,0.003532348,0.003200811,0.003760215,0.003213022,0.003911806,0.003944797,0.004118247,0.004031124,0.005951163,0.00605047,0.006750737,0.008733203
4405,0.004771506,0.003536144,0.00320428,0.003764234,0.003216504,0.003915974,0.003948998,0.004122618,0.00403541,0.00595733,0.006056734,0.006757687,0.008742081
4415,0.004776537,0.003539959,0.003207767,0.003768273,0.003220004,0.003920165,0.003953221,0.004127012,0.004039718,0.005963528,0.006063031,0.006764671,0.008751005
4425,0.004781592,0.003543794,0.003211272,0.003772333,0.003223522,0.003924376,0.003957465,0.004131428,0.004044048,0.005969758,0.006069359,0.006771691,0.008759973
4435,0.004786674,0.003547648,0.003214794,0.003776413,0.003227057,0.003928609,0.00396173,0.004135867,0.004048399,0.005976019,0.006075718,0.006778745,0.008768985
4445,0.004792379,0.003551976,0.00321875,0.003780995,0.003231028,0.003933362,0.00396652,0.004140851,0.004053286,0.005983049,0.006082859,0.006786666,0.008779104
4455,0.00480349,0.003560406,0.003226455,0.00378992,0.003238761,0.003942618,0.003975849,0.004150557,0.004062802,0.005996739,0.006096764,0.00680209,0.008798808
4465,0.004814613,0.003568846,0.00323417,0.003798856,0.003246504,0.003951886,0.003985188,0.004160274,0.00407233,0.006010443,0.006110684,0.006817531,0.008818531
4475,0.004825749,0.003577295,0.003241894,0.003807802,0.003254256,0.003961164,0.003994538,0.004170003,0.004081868,0.006024161,0.006124618,0.006832986,0.008838273
4485,0.004836896,0.003585755,0.003249628,0.003816758,0.003262017,0.003970453,0.004003899,0.004179742,0.004091418,0.006037893,0.006138567,0.006848458,0.008858034
4495,0.004848056,0.003594225,0.003257371,0.003825725,0.003269788,0.003979752,0.00401327,0.004189493,0.004100978,0.00605164,0.00615253,0.006863945,0.008877813
4505,0.004859227,0.003602704,0.003265124,0.003834702,0.003277569,0.003989062,0.004022652,0.004199254,0.004110549,0.0060654,0.006166507,0.006879447,0.008897611
4515,0.004872504,0.003612783,0.003274339,0.003845372,0.003286817,0.004000128,0.004033804,0.004210856,0.004121925,0.006081753,0.006183117,0.006897869,0.008921137
4525,0.004885797,0.003622875,0.003283566,0.003856055,0.003296077,0.004011207,0.004044968,0.004222472,0.004133314,0.006098124,0.006199745,0.00691631,0.008944686
4535,0.004899104,0.003632979,0.003292806,0.003866752,0.003305349,0.004022299,0.004056146,0.004234101,0.004144717,0.006114512,0.00621639,0.006934771,0.008968257
4545,0.004912426,0.003643096,0.003302057,0.003877461,0.003314634,0.004033405,0.004067338,0.004245745,0.004156134,0.006130918,0.006233054,0.00695325,0.008991852
4555,0.004925031,0.003652669,0.003310811,0.003887594,0.003323419,0.004043913,0.004077927,0.004256761,0.004166935,0.006146438,0.006248818,0.006970732,0.00901417
4565,0.004935082,0.003660303,0.003317792,0.003895675,0.003330425,0.004052293,0.004086372,0.004265547,0.00417555,0.006158814,0.006261388,0.006984672,0.009031966
4575,0.00494276,0.003666135,0.003323126,0.003901849,0.003335778,0.004058694,0.004092823,0.004272258,0.00418213,0.006168267,0.006270989,0.006995319,0.009045558
4585,0.004944377,0.003667364,0.003324248,0.003903148,0.003336905,0.004060043,0.004094182,0.004273671,0.004183516,0.006170257,0.006273011,0.006997561,0.009048419
4595,0.004939932,0.003663987,0.00332116,0.003899573,0.003333807,0.004056336,0.004090447,0.004269785,0.004179706,0.006164784,0.006267452,0.006991396,0.00904055
4605,0.004935521,0.003660636,0.003318094,0.003896025,0.003330731,0.004052658,0.00408674,0.004265929,0.004175926,0.006159353,0.006261936,0.006985278,0.009032739
4615,0.004931143,0.003657311,0.003315053,0.003892504,0.003327679,0.004049008,0.004083062,0.004262103,0.004172174,0.006153962,0.006256461,0.006979207,0.009024988
4625,0.004926799,0.003654011,0.003312035,0.00388901,0.003324651,0.004045387,0.004079412,0.004258306,0.004168451,0.006148613,0.006251028,0.006973182,0.009017295
4635,0.004922489,0.003650737,0.00330904,0.003885544,0.003321647,0.004041793,0.004075791,0.004254538,0.004164756,0.006143305,0.006245637,0.006967203,0.009009662
4645,0.004918212,0.003647489,0.003306069,0.003882105,0.003318666,0.004038227,0.004072198,0.0042508,0.004161091,0.006138039,0.006240288,0.006961271,0.009002089
4655,0.004913969,0.003644267,0.003303121,0.003878693,0.003315709,0.00403469,0.004068633,0.004247092,0.004157455,0.006132814,0.006234981,0.006955386,0.008994574
4665,0.00490976,0.00364107,0.003300197,0.003875308,0.003312775,0.004031181,0.004065097,0.004243413,0.004153848,0.006127631,0.006229716,0.006949547,0.008987119
4675,0.004905585,0.003637899,0.003297297,0.00387195,0.003309865,0.0040277,0.004061589,0.004239764,0.00415027,0.006122489,0.006224494,0.006943755,0.008979724
4685,0.004901443,0.003634754,0.00329442,0.00386862,0.003306979,0.004024248,0.00405811,0.004236144,0.00414672,0.006117388,0.006219313,0.00693801,0.008972388
4695,0.004897335,0.003631635,0.003291567,0.003865317,0.003304117,0.004020823,0.004054659,0.004232554,0.0041432,0.006112329,0.006214175,0.006932311,0.008965111
4705,0.004893261,0.003628541,0.003288738,0.003862042,0.003301278,0.004017427,0.004051237,0.004228993,0.004139709,0.006107312,0.006209079,0.00692666,0.008957894
4715,0.004889221,0.003625474,0.003285932,0.003858793,0.003298463,0.00401406,0.004047843,0.004225463,0.004136247,0.006102336,0.006204025,0.006921055,0.008950737
4725,0.004881416,0.003619547,0.003280512,0.003852518,0.003293025,0.004007553,0.004041286,0.004218641,0.004129559,0.006092723,0.006194261,0.006910225,0.008936908
4735,0.004871094,0.00361171,0.003273346,0.003844221,0.003285834,0.00399895,0.004032616,0.004209621,0.004120715,0.00608001,0.006181348,0.006895904,0.00891862
4745,0.004860785,0.003603884,0.003266189,0.003835934,0.003278653,0.003990358,0.004023957,0.004200612,0.004111882,0.006067312,0.006168451,0.0068816,0.008900352
4755,0.004850488,0.003596068,0.003259042,0.003827659,0.003271481,0.003981777,0.00401531,0.004191615,0.00410306,0.006054629,0.006155569,0.006867311,0.008882104
4765,0.004840204,0.003588262,0.003251905,0.003819393,0.003264319,0.003973206,0.004006673,0.004182629,0.004094249,0.006041961,0.006142701,0.006853039,0.008863876
4775,0.004829933,0.003580467,0.003244777,0.003811139,0.003257167,0.003964647,0.003998047,0.004173655,0.00408545,0.006029307,0.006129849,0.006838784,0.008845669
4785,0.004819674,0.003572682,0.003237659,0.003802896,0.003250025,0.003956099,0.003989433,0.004164692,0.004076662,0.006016669,0.006117012,0.006824545,0.008827481
4795,0.004809428,0.003564907,0.003230551,0.003794663,0.003242892,0.003947562,0.00398083,0.00415574,0.004067886,0.006004046,0.006104191,0.006810323,0.008809314
4805,0.004799195,0.003557143,0.003223452,0.003786441,0.003235769,0.003939036,0.003972237,0.0041468,0.00405912,0.005991438,0.006091384,0.006796117,0.008791166
4815,0.004788974,0.003549388,0.003216363,0.00377823,0.003228655,0.003930521,0.003963656,0.004137871,0.004050366,0.005978844,0.006078593,0.006781928,0.00877304
4825,0.004778767,0.003541645,0.003209284,0.003770029,0.003221552,0.003922017,0.003955086,0.004128954,0.004041624,0.005966266,0.006065816,0.006767755,0.008754933
4835,0.004768572,0.003533911,0.003202214,0.00376184,0.003214458,0.003913525,0.003946528,0.004120049,0.004032892,0.005953703,0.006053056,0.006753599,0.008736847
4845,0.00475839,0.003526188,0.003195154,0.003753661,0.003207374,0.003905043,0.00393798,0.004111155,0.004024172,0.005941155,0.00604031,0.00673946,0.008718781
4855,0.00474822,0.003518476,0.003188104,0.003745493,0.003200299,0.003896573,0.003929444,0.004102272,0.004015464,0.005928623,0.00602758,0.006725338,0.008700736
4865,0.004738064,0.003510774,0.003181064,0.003737336,0.003193235,0.003888113,0.003920919,0.004093402,0.004006767,0.005916105,0.006014865,0.006711232,0.008682711
4875,0.00472792,0.003503082,0.003174034,0.00372919,0.00318618,0.003879665,0.003912405,0.004084542,0.003998081,0.005903603,0.006002166,0.006697143,0.008664707
4885,0.004717789,0.003495401,0.003167013,0.003721055,0.003179135,0.003871229,0.003903903,0.004075695,0.003989407,0.005891116,0.005989482,0.006683071,0.008646724
4895,0.004707671,0.00348773,0.003160002,0.003712931,0.0031721,0.003862803,0.003895412,0.004066859,0.003980744,0.005878644,0.005976814,0.006669016,0.008628761
4905,0.004697447,0.003479979,0.003152918,0.003704721,0.003164992,0.003854289,0.003886832,0.00405793,0.003971991,0.00586604,0.005964012,0.006654812,0.008610607
4915,0.004686159,0.003471423,0.003145099,0.003695659,0.003157145,0.003844891,0.00387736,0.004048074,0.003962327,0.005852125,0.005949877,0.006639129,0.008590562
4925,0.00467488,0.003462874,0.003137286,0.003686604,0.003149305,0.0038355,0.003867896,0.004038225,0.003952671,0.00583822,0.005935752,0.006623457,0.008570529
4935,0.004663609,0.003454332,0.00312948,0.003677557,0.003141472,0.003826116,0.003858439,0.004028383,0.003943023,0.005824323,0.005921636,0.006607795,0.008550509
4945,0.004652346,0.003445797,0.003121681,0.003668517,0.003133646,0.00381674,0.00384899,0.00401855,0.003933383,0.005810437,0.005907531,0.006592143,0.0085305
4955,0.004641092,0.00343727,0.003113888,0.003659484,0.003125827,0.003807372,0.003839548,0.004008724,0.00392375,0.005796559,0.005893434,0.006576501,0.008510503
4965,0.004629846,0.003428749,0.003106103,0.003650459,0.003118014,0.003798011,0.003830114,0.003998906,0.003914125,0.005782692,0.005879347,0.006560869,0.008490518
4975,0.004618608,0.003420236,0.003098324,0.003641441,0.003110209,0.003788657,0.003820687,0.003989096,0.003904507,0.005768833,0.00586527,0.006545248,0.008470545
4985,0.004607379,0.00341173,0.003090553,0.00363243,0.00310241,0.003779311,0.003811269,0.003979293,0.003894897,0.005754985,0.005851203,0.006529637,0.008450585
4995,0.004596158,0.003403231,0.003082788,0.003623427,0.003094618,0.003769973,0.003801857,0.003969498,0.003885295,0.005741145,0.005837145,0.006514037,0.008430636